Timestamp,L_HandThumbTip_posX,L_HandThumbTip_posY,L_HandThumbTip_posZ,L_HandThumbTip_rotX,L_HandThumbTip_rotY,L_HandThumbTip_rotZ,L_HandThumbTip_rotW,L_HandThumb3_posX,L_HandThumb3_posY,L_HandThumb3_posZ,L_HandThumb3_rotX,L_HandThumb3_rotY,L_HandThumb3_rotZ,L_HandThumb3_rotW,L_HandThumb2_posX,L_HandThumb2_posY,L_HandThumb2_posZ,L_HandThumb2_rotX,L_HandThumb2_rotY,L_HandThumb2_rotZ,L_HandThumb2_rotW,L_HandThumb1_posX,L_HandThumb1_posY,L_HandThumb1_posZ,L_HandThumb1_rotX,L_HandThumb1_rotY,L_HandThumb1_rotZ,L_HandThumb1_rotW,L_HandRingTip_posX,L_HandRingTip_posY,L_HandRingTip_posZ,L_HandRingTip_rotX,L_HandRingTip_rotY,L_HandRingTip_rotZ,L_HandRingTip_rotW,L_HandRing3_posX,L_HandRing3_posY,L_HandRing3_posZ,L_HandRing3_rotX,L_HandRing3_rotY,L_HandRing3_rotZ,L_HandRing3_rotW,L_HandRing2_posX,L_HandRing2_posY,L_HandRing2_posZ,L_HandRing2_rotX,L_HandRing2_rotY,L_HandRing2_rotZ,L_HandRing2_rotW,L_HandRing1_posX,L_HandRing1_posY,L_HandRing1_posZ,L_HandRing1_rotX,L_HandRing1_rotY,L_HandRing1_rotZ,L_HandRing1_rotW,L_HandRing0_posX,L_HandRing0_posY,L_HandRing0_posZ,L_HandRing0_rotX,L_HandRing0_rotY,L_HandRing0_rotZ,L_HandRing0_rotW,L_HandPinkyTip_posX,L_HandPinkyTip_posY,L_HandPinkyTip_posZ,L_HandPinkyTip_rotX,L_HandPinkyTip_rotY,L_HandPinkyTip_rotZ,L_HandPinkyTip_rotW,L_HandPinky3_posX,L_HandPinky3_posY,L_HandPinky3_posZ,L_HandPinky3_rotX,L_HandPinky3_rotY,L_HandPinky3_rotZ,L_HandPinky3_rotW,L_HandPinky2_posX,L_HandPinky2_posY,L_HandPinky2_posZ,L_HandPinky2_rotX,L_HandPinky2_rotY,L_HandPinky2_rotZ,L_HandPinky2_rotW,L_HandPinky1_posX,L_HandPinky1_posY,L_HandPinky1_posZ,L_HandPinky1_rotX,L_HandPinky1_rotY,L_HandPinky1_rotZ,L_HandPinky1_rotW,L_HandPinky0_posX,L_HandPinky0_posY,L_HandPinky0_posZ,L_HandPinky0_rotX,L_HandPinky0_rotY,L_HandPinky0_rotZ,L_HandPinky0_rotW,L_HandMiddleTip_posX,L_HandMiddleTip_posY,L_HandMiddleTip_posZ,L_HandMiddleTip_rotX,L_HandMiddleTip_rotY,L_HandMiddleTip_rotZ,L_HandMiddleTip_rotW,L_HandMiddle3_posX,L_HandMiddle3_posY,L_HandMiddle3_posZ,L_HandMiddle3_rotX,L_HandMiddle3_rotY,L_HandMiddle3_rotZ,L_HandMiddle3_rotW,L_HandMiddle2_posX,L_HandMiddle2_posY,L_HandMiddle2_posZ,L_HandMiddle2_rotX,L_HandMiddle2_rotY,L_HandMiddle2_rotZ,L_HandMiddle2_rotW,L_HandMiddle1_posX,L_HandMiddle1_posY,L_HandMiddle1_posZ,L_HandMiddle1_rotX,L_HandMiddle1_rotY,L_HandMiddle1_rotZ,L_HandMiddle1_rotW,L_HandMiddle0_posX,L_HandMiddle0_posY,L_HandMiddle0_posZ,L_HandMiddle0_rotX,L_HandMiddle0_rotY,L_HandMiddle0_rotZ,L_HandMiddle0_rotW,L_HandIndexTip_posX,L_HandIndexTip_posY,L_HandIndexTip_posZ,L_HandIndexTip_rotX,L_HandIndexTip_rotY,L_HandIndexTip_rotZ,L_HandIndexTip_rotW,L_HandIndex3_posX,L_HandIndex3_posY,L_HandIndex3_posZ,L_HandIndex3_rotX,L_HandIndex3_rotY,L_HandIndex3_rotZ,L_HandIndex3_rotW,L_HandIndex2_posX,L_HandIndex2_posY,L_HandIndex2_posZ,L_HandIndex2_rotX,L_HandIndex2_rotY,L_HandIndex2_rotZ,L_HandIndex2_rotW,L_HandIndex1_posX,L_HandIndex1_posY,L_HandIndex1_posZ,L_HandIndex1_rotX,L_HandIndex1_rotY,L_HandIndex1_rotZ,L_HandIndex1_rotW,L_HandIndex0_posX,L_HandIndex0_posY,L_HandIndex0_posZ,L_HandIndex0_rotX,L_HandIndex0_rotY,L_HandIndex0_rotZ,L_HandIndex0_rotW,R_HandThumbTip_posX,R_HandThumbTip_posY,R_HandThumbTip_posZ,R_HandThumbTip_rotX,R_HandThumbTip_rotY,R_HandThumbTip_rotZ,R_HandThumbTip_rotW,R_HandThumb3_posX,R_HandThumb3_posY,R_HandThumb3_posZ,R_HandThumb3_rotX,R_HandThumb3_rotY,R_HandThumb3_rotZ,R_HandThumb3_rotW,R_HandThumb2_posX,R_HandThumb2_posY,R_HandThumb2_posZ,R_HandThumb2_rotX,R_HandThumb2_rotY,R_HandThumb2_rotZ,R_HandThumb2_rotW,R_HandThumb1_posX,R_HandThumb1_posY,R_HandThumb1_posZ,R_HandThumb1_rotX,R_HandThumb1_rotY,R_HandThumb1_rotZ,R_HandThumb1_rotW,R_HandRingTip_posX,R_HandRingTip_posY,R_HandRingTip_posZ,R_HandRingTip_rotX,R_HandRingTip_rotY,R_HandRingTip_rotZ,R_HandRingTip_rotW,R_HandRing3_posX,R_HandRing3_posY,R_HandRing3_posZ,R_HandRing3_rotX,R_HandRing3_rotY,R_HandRing3_rotZ,R_HandRing3_rotW,R_HandRing2_posX,R_HandRing2_posY,R_HandRing2_posZ,R_HandRing2_rotX,R_HandRing2_rotY,R_HandRing2_rotZ,R_HandRing2_rotW,R_HandRing1_posX,R_HandRing1_posY,R_HandRing1_posZ,R_HandRing1_rotX,R_HandRing1_rotY,R_HandRing1_rotZ,R_HandRing1_rotW,R_HandRing0_posX,R_HandRing0_posY,R_HandRing0_posZ,R_HandRing0_rotX,R_HandRing0_rotY,R_HandRing0_rotZ,R_HandRing0_rotW,R_HandPinkyTip_posX,R_HandPinkyTip_posY,R_HandPinkyTip_posZ,R_HandPinkyTip_rotX,R_HandPinkyTip_rotY,R_HandPinkyTip_rotZ,R_HandPinkyTip_rotW,R_HandPinky3_posX,R_HandPinky3_posY,R_HandPinky3_posZ,R_HandPinky3_rotX,R_HandPinky3_rotY,R_HandPinky3_rotZ,R_HandPinky3_rotW,R_HandPinky2_posX,R_HandPinky2_posY,R_HandPinky2_posZ,R_HandPinky2_rotX,R_HandPinky2_rotY,R_HandPinky2_rotZ,R_HandPinky2_rotW,R_HandPinky1_posX,R_HandPinky1_posY,R_HandPinky1_posZ,R_HandPinky1_rotX,R_HandPinky1_rotY,R_HandPinky1_rotZ,R_HandPinky1_rotW,R_HandPinky0_posX,R_HandPinky0_posY,R_HandPinky0_posZ,R_HandPinky0_rotX,R_HandPinky0_rotY,R_HandPinky0_rotZ,R_HandPinky0_rotW,R_HandMiddleTip_posX,R_HandMiddleTip_posY,R_HandMiddleTip_posZ,R_HandMiddleTip_rotX,R_HandMiddleTip_rotY,R_HandMiddleTip_rotZ,R_HandMiddleTip_rotW,R_HandMiddle3_posX,R_HandMiddle3_posY,R_HandMiddle3_posZ,R_HandMiddle3_rotX,R_HandMiddle3_rotY,R_HandMiddle3_rotZ,R_HandMiddle3_rotW,R_HandMiddle2_posX,R_HandMiddle2_posY,R_HandMiddle2_posZ,R_HandMiddle2_rotX,R_HandMiddle2_rotY,R_HandMiddle2_rotZ,R_HandMiddle2_rotW,R_HandMiddle1_posX,R_HandMiddle1_posY,R_HandMiddle1_posZ,R_HandMiddle1_rotX,R_HandMiddle1_rotY,R_HandMiddle1_rotZ,R_HandMiddle1_rotW,R_HandMiddle0_posX,R_HandMiddle0_posY,R_HandMiddle0_posZ,R_HandMiddle0_rotX,R_HandMiddle0_rotY,R_HandMiddle0_rotZ,R_HandMiddle0_rotW,R_HandIndexTip_posX,R_HandIndexTip_posY,R_HandIndexTip_posZ,R_HandIndexTip_rotX,R_HandIndexTip_rotY,R_HandIndexTip_rotZ,R_HandIndexTip_rotW,R_HandIndex3_posX,R_HandIndex3_posY,R_HandIndex3_posZ,R_HandIndex3_rotX,R_HandIndex3_rotY,R_HandIndex3_rotZ,R_HandIndex3_rotW,R_HandIndex2_posX,R_HandIndex2_posY,R_HandIndex2_posZ,R_HandIndex2_rotX,R_HandIndex2_rotY,R_HandIndex2_rotZ,R_HandIndex2_rotW,R_HandIndex1_posX,R_HandIndex1_posY,R_HandIndex1_posZ,R_HandIndex1_rotX,R_HandIndex1_rotY,R_HandIndex1_rotZ,R_HandIndex1_rotW,R_HandIndex0_posX,R_HandIndex0_posY,R_HandIndex0_posZ,R_HandIndex0_rotX,R_HandIndex0_rotY,R_HandIndex0_rotZ,R_HandIndex0_rotW,L_Root_posX,L_Root_posY,L_Root_posZ,L_Root_rotX,L_Root_rotY,L_Root_rotZ,L_Root_rotW,R_Root_posX,R_Root_posY,R_Root_posZ,R_Root_rotX,R_Root_rotY,R_Root_rotZ,R_Root_rotW
137.0816,0.08740819,-0.01771704,0.1041561,-0.2365945,0.3304697,-0.5337882,0.7415408,0.06863424,-0.0186323,0.08825289,-0.2365945,0.3304697,-0.5337882,0.7415408,0.04848484,-0.02058941,0.06119466,-0.1843262,0.2562676,-0.4769948,0.8202601,0.0296633,-0.01697848,0.03493072,-0.1343737,0.2793607,-0.5661599,0.7637827,-0.0008042362,-0.03214432,0.0467046,0.9145942,0.06020122,0.1502877,-0.3705492,-0.006518137,-0.04791829,0.06439491,0.9145942,0.06020122,0.1502877,-0.3705492,-0.014161,-0.04537164,0.08971768,0.9878706,0.02410616,0.1443027,0.05202671,-0.01746523,-0.006529286,0.08869376,0.6966688,-0.03903082,0.1005483,0.7092383,-0.01499232,-0.006015786,0.03477556,0,0,0,0.9999998,-0.01107754,-0.03723747,0.04728571,0.9308383,0.1390987,0.2191048,-0.2572639,-0.01911603,-0.04810127,0.06459146,0.9308383,0.1390987,0.2191048,-0.2572639,-0.02778094,-0.04321158,0.08229917,0.9660684,0.05116248,0.213596,0.1359076,-0.03505404,-0.01369116,0.07789584,0.6543707,-0.01141301,0.1936479,0.7308686,-0.02299859,-0.00941984,0.03407351,0.01831175,-0.1403428,0.207036,0.9680415,0.01150787,-0.03087221,0.0584011,0.9162832,-0.04384832,0.1105275,-0.3824733,0.005909051,-0.04737903,0.07631233,0.9162832,-0.04384832,0.1105275,-0.3824733,0.0006618231,-0.04478111,0.1032325,0.994258,-0.005280488,0.09603152,0.0469122,0.001725935,-0.002543141,0.09564663,0.6385642,-0.06226432,0.05518895,0.7650574,0.003332378,-0.007871148,0.03450214,0,0,0,0.9999998,0.01330132,-0.04418057,0.1706933,0.2496485,-0.08664944,0.00605216,0.9644328,0.01731892,-0.03429488,0.1510111,0.2496485,-0.08664944,0.00605216,0.9644328,0.01985785,-0.01992662,0.1315746,0.3114502,-0.05596495,0.002746665,0.948609,0.02355071,-0.007316425,0.09599625,0.1702797,-0.04438543,-0.02941998,0.9839558,0.01954176,-0.009952541,0.03666458,0,0,0,0.9999998,-0.08636078,-0.003106089,0.1034673,-0.3054427,-0.2920372,0.5040587,0.7532225,-0.06758911,-0.0081235,0.08834584,-0.3054427,-0.2920372,0.5040587,0.7532225,-0.04833603,-0.01520037,0.06149041,-0.2383401,-0.2141118,0.443018,0.8373085,-0.03009564,-0.01629063,0.03459825,-0.1795699,-0.2327941,0.5375845,0.790294,0.0006103338,-0.03116933,0.04376412,0.9140053,-0.05664032,-0.1468646,-0.3739212,0.006208786,-0.0470552,0.06139109,0.9140053,-0.05664032,-0.1468646,-0.3739212,0.01359751,-0.04528957,0.08685543,0.9892247,-0.02382521,-0.1396493,0.03694701,0.01746524,-0.006529303,0.08869378,0.7228299,0.0329885,-0.09977704,0.6829886,0.01499234,-0.006015779,0.03477552,0,0,0,1,0.01337868,-0.02872756,0.04282388,0.8982127,-0.1365089,-0.1806158,-0.3767726,0.01892161,-0.04384802,0.05774965,0.8982127,-0.1365089,-0.1806158,-0.3767726,0.02616828,-0.04307447,0.07670851,0.981056,-0.06508136,-0.1797554,0.03133449,0.03505405,-0.01369119,0.07789591,0.7203975,-0.01877327,-0.1833313,0.6686292,0.02299855,-0.009419838,0.03407359,0.01831175,0.1403429,-0.2070361,0.9680417,-0.01182502,-0.02993954,0.05512705,0.9148118,0.04424969,-0.1066008,-0.387037,-0.006399419,-0.04664083,0.07291091,0.9148118,0.04424969,-0.1066008,-0.387037,-0.001234075,-0.04525246,0.09993634,0.9952235,0.004066752,-0.09429881,0.02493337,-0.001725868,-0.002543152,0.09564658,0.6682557,0.05890349,-0.05660456,0.7394327,-0.003548536,-0.007699192,0.03433589,0,0,0,1,-0.012708,-0.04928149,0.1680672,0.2663554,0.09073261,-0.004004782,0.9595867,-0.01690257,-0.03872507,0.1487739,0.2663554,0.09073261,-0.004004782,0.9595867,-0.01959797,-0.02336677,0.1301319,0.3360011,0.05983499,-0.002352259,0.9399563,-0.02355072,-0.007316455,0.0959963,0.2185559,0.04710449,0.02844444,0.9742719,-0.01975795,-0.009608604,0.0364984,0,0,0,1,-0.02507842,1.29291,0.0129683,-0.474463,-0.6639012,-0.5391938,0.2083025,-0.2999846,1.302449,-0.05827177,0.5729032,-0.5879492,-0.4448196,-0.3580967
137.1927,0.08755322,-0.01754203,0.104057,-0.2364219,0.3308149,-0.5323145,0.742501,0.06877579,-0.01847971,0.08815919,-0.2364219,0.3308149,-0.5323145,0.742501,0.04865223,-0.02042683,0.06108111,-0.1835134,0.2562751,-0.4756459,0.8212229,0.0297307,-0.01687505,0.03488096,-0.1356044,0.280521,-0.5642859,0.7645267,-0.000818481,-0.03208064,0.04678692,0.9139609,0.0603969,0.1502379,-0.3720974,-0.00651858,-0.04791714,0.06442576,0.9139609,0.0603969,0.1502379,-0.3720974,-0.01416742,-0.04537145,0.08974685,0.9878543,0.02412082,0.1444181,0.05201421,-0.01746523,-0.006529293,0.08869378,0.6963945,-0.03914791,0.1006031,0.7094936,-0.01499231,-0.006015762,0.03477554,0,0,0,0.9999999,-0.01117373,-0.03679225,0.04726997,0.928859,0.1399773,0.2180208,-0.2647537,-0.01909788,-0.04795024,0.06444078,0.928859,0.1399773,0.2180208,-0.2647537,-0.02774911,-0.04321865,0.08219811,0.966669,0.0517386,0.2132488,0.1319056,-0.03505405,-0.01369116,0.07789586,0.6556324,-0.01111946,0.193718,0.7297231,-0.02299858,-0.009419835,0.03407355,0.01831176,-0.1403428,0.207036,0.9680417,0.01149573,-0.03076793,0.05849945,0.9154603,-0.04380483,0.1104243,-0.3844738,0.005902104,-0.04735449,0.07633859,0.9154603,-0.04380483,0.1104243,-0.3844738,0.0006585573,-0.0447759,0.1032613,0.9942819,-0.005231609,0.09595779,0.04656388,0.001725924,-0.002543136,0.09564659,0.6383061,-0.06222027,0.05512032,0.7652814,0.003366048,-0.007845296,0.03447719,0,0,0,0.9999999,0.01344978,-0.04417082,0.1707284,0.2490558,-0.08568522,0.005810335,0.9646737,0.0174286,-0.03430971,0.1510259,0.2490558,-0.08568522,0.005810335,0.9646737,0.01992926,-0.01996176,0.1315695,0.3109608,-0.05501917,0.002433869,0.9488257,0.02355067,-0.007316445,0.09599621,0.170732,-0.04339709,-0.02953302,0.9839182,0.01957547,-0.009900807,0.03663968,0,0,0,0.9999999,-0.0862861,-0.003016803,0.1035159,-0.3054515,-0.2913584,0.5040606,0.75348,-0.06753544,-0.008055112,0.0883752,-0.3054515,-0.2913584,0.5040606,0.75348,-0.04832385,-0.01515696,0.06149681,-0.2382989,-0.2133591,0.4429535,0.837546,-0.03009641,-0.01628931,0.03459758,-0.1799362,-0.232279,0.5373909,0.7904936,0.0006308479,-0.03117537,0.04378739,0.9140931,-0.0566008,-0.146708,-0.3737736,0.006223666,-0.04705515,0.06142157,0.9140931,-0.0566008,-0.146708,-0.3737736,0.01360385,-0.04529171,0.08688852,0.9892484,-0.0238762,-0.1394815,0.03690775,0.01746522,-0.006529281,0.08869381,0.7225394,0.03289907,-0.09963623,0.6833204,0.01499234,-0.006015769,0.03477555,0,0,0,0.9999998,0.01335485,-0.02881453,0.04289737,0.8985695,-0.1366473,-0.1810618,-0.3756546,0.01892278,-0.04389874,0.05785042,0.8985695,-0.1366473,-0.1810618,-0.3756546,0.02618887,-0.0430842,0.07680018,0.9809458,-0.06500302,-0.1801963,0.03238159,0.03505408,-0.01369115,0.07789575,0.7193713,-0.01836994,-0.1834739,0.6697047,0.02299857,-0.00941982,0.03407352,0.01831176,0.1403428,-0.207036,0.9680414,-0.01179428,-0.02985351,0.05515973,0.9144586,0.04429754,-0.1062094,-0.3879724,-0.006385701,-0.04659293,0.07291293,0.9144586,0.04429754,-0.1062094,-0.3879724,-0.00123683,-0.04525168,0.09994388,0.995274,0.003963707,-0.09398681,0.02408383,-0.001725911,-0.002543115,0.09564652,0.6682106,0.05866326,-0.05639776,0.7395082,-0.003548957,-0.007698854,0.03433559,0,0,0,0.9999998,-0.01282505,-0.04919429,0.1681419,0.2653809,0.0899381,-0.003812146,0.9599319,-0.01698853,-0.03867753,0.1488203,0.2653809,0.0899381,-0.003812146,0.9599319,-0.01965446,-0.02335737,0.1301427,0.335047,0.0590631,-0.002070973,0.9403458,-0.02355065,-0.007316422,0.09599617,0.2183973,0.04631078,0.02858092,0.9743411,-0.0197583,-0.009607937,0.036498,0,0,0,0.9999998,-0.02498084,1.293377,0.01450264,-0.4765343,-0.6637349,-0.538353,0.2062693,-0.3001355,1.303107,-0.0585373,0.5712881,-0.5875481,-0.4462994,-0.3594908
137.3038,0.08787625,-0.01804974,0.1037515,-0.236607,0.3351502,-0.531583,0.7410203,0.06897073,-0.01887663,0.08800017,-0.236607,0.3351502,-0.531583,0.7410203,0.04873944,-0.02061377,0.06098813,-0.1817977,0.2593867,-0.4759451,0.8204537,0.02974611,-0.01685119,0.03486947,-0.1339018,0.283556,-0.5645937,0.763479,-0.0008284752,-0.03205941,0.04696916,0.9133423,0.06074957,0.1504285,-0.3734789,-0.006523917,-0.04795268,0.06455827,0.9133423,0.06074957,0.1504285,-0.3734789,-0.01419399,-0.04537016,0.08986932,0.987758,0.02409957,0.1448214,0.05272771,-0.01746524,-0.006529283,0.08869372,0.6952428,-0.03956521,0.1007665,0.7105759,-0.01499233,-0.006015805,0.03477558,0,0,0,0.9999999,-0.01120123,-0.03652998,0.04730251,0.9274427,0.1406776,0.2179257,-0.2693852,-0.01907472,-0.0478722,0.06437565,0.9274427,0.1406776,0.2179257,-0.2693852,-0.02774021,-0.04322371,0.08214786,0.9668518,0.05188469,0.2136638,0.1298198,-0.03505408,-0.01369119,0.07789585,0.6562487,-0.0114618,0.1941264,0.7290549,-0.02299859,-0.009419854,0.03407354,0.01831177,-0.1403429,0.207036,0.9680417,0.01144646,-0.03073572,0.05873707,0.9148687,-0.04387879,0.110242,-0.3859227,0.005859737,-0.04737972,0.0765247,0.9148687,-0.04387879,0.110242,-0.3859227,0.0006344273,-0.04474168,0.1034453,0.9942617,-0.005247283,0.0956329,0.04764988,0.001725889,-0.002543163,0.0956466,0.6366403,-0.06207005,0.05478173,0.7667041,0.003373764,-0.007839317,0.03447145,0,0,0,0.9999999,0.01376273,-0.04368116,0.1710196,0.245454,-0.08362284,0.005480072,0.9657794,0.01765916,-0.03396846,0.1512271,0.245454,-0.08362284,0.005480072,0.9657794,0.02007962,-0.01976792,0.1316528,0.3073868,-0.0530117,0.001855507,0.9501052,0.02355068,-0.007316463,0.09599628,0.1679919,-0.04139741,-0.02979296,0.984468,0.01958317,-0.009888897,0.03663401,0,0,0,0.9999999,-0.0861736,-0.003357363,0.1036722,-0.303618,-0.2913675,0.5055073,0.7532487,-0.06744476,-0.008303208,0.08847427,-0.303618,-0.2913675,0.5055073,0.7532487,-0.04826707,-0.01529533,0.06154276,-0.236774,-0.2132204,0.4444839,0.8372033,-0.03006391,-0.01634313,0.03462369,-0.1788994,-0.2324225,0.538628,0.7898447,0.0006439929,-0.03133258,0.0437681,0.9150077,-0.0563775,-0.1466055,-0.3716037,0.006247168,-0.04712513,0.06147717,0.9150077,-0.0563775,-0.1466055,-0.3716037,0.01361412,-0.04529526,0.08694334,0.9892418,-0.02380857,-0.1392046,0.03815528,0.01746522,-0.006529279,0.08869372,0.7220612,0.032729,-0.09938301,0.6838709,0.01499235,-0.00601577,0.03477551,0,0,0,0.9999998,0.01330225,-0.0290286,0.04289074,0.8999418,-0.1364325,-0.1816255,-0.3721601,0.01892669,-0.04399291,0.05794287,0.8999418,-0.1364325,-0.1816255,-0.3721601,0.02620765,-0.04309284,0.07688302,0.9808391,-0.06480119,-0.1804555,0.03451177,0.03505402,-0.01369116,0.07789584,0.7184381,-0.01816413,-0.1834534,0.6707169,0.02299858,-0.009419825,0.03407351,0.01831183,0.1403428,-0.2070359,0.9680414,-0.01174502,-0.02992632,0.05517932,0.9148994,0.0445245,-0.1057792,-0.3870239,-0.006352611,-0.04662905,0.07297188,0.9148994,0.0445245,-0.1057792,-0.3870239,-0.001233674,-0.04524532,0.1000063,0.9953063,0.003978407,-0.0934415,0.02485832,-0.001725914,-0.002543137,0.09564658,0.667699,0.05827884,-0.05600534,0.7400301,-0.003532673,-0.007712315,0.03434863,0,0,0,0.9999998,-0.01308914,-0.04891725,0.1683495,0.2630129,0.08815455,-0.003441821,0.9607502,-0.0171821,-0.03849668,0.1489609,0.2630129,0.08815455,-0.003441821,0.9607502,-0.0197808,-0.02326928,0.1301982,0.3327268,0.05732759,-0.001495885,0.9412778,-0.02355067,-0.007316433,0.09599617,0.2170862,0.04455346,0.02889197,0.9747069,-0.0197421,-0.009634847,0.03651106,0,0,0,0.9999998,-0.02434847,1.294216,0.01627612,-0.4816011,-0.6618081,-0.5363758,0.2058427,-0.3004529,1.304324,-0.05776948,0.5726112,-0.5861151,-0.4461097,-0.3599604
137.415,0.08802462,-0.01800811,0.1035811,-0.239549,0.3372646,-0.5305364,0.7398649,0.06900211,-0.01889024,0.0879742,-0.239549,0.3372646,-0.5305364,0.7398649,0.04873923,-0.02063116,0.06098606,-0.1821303,0.2598354,-0.4758467,0.8202952,0.02974481,-0.01685321,0.0348704,-0.1337517,0.2837086,-0.5646769,0.7633871,-0.0008222183,-0.03217246,0.04689637,0.9141376,0.06051093,0.1504086,-0.3715759,-0.00653103,-0.04798901,0.06455021,0.9141376,0.06051093,0.1504086,-0.3715759,-0.01419096,-0.04537018,0.08986056,0.9877535,0.02403397,0.144615,0.05340512,-0.01746526,-0.006529315,0.08869378,0.6953335,-0.03938765,0.1006253,0.7105171,-0.01499236,-0.006015788,0.03477553,0,0,0,1,-0.01111249,-0.03683526,0.04719044,0.9290372,0.139744,0.2185563,-0.2638091,-0.01906797,-0.04795645,0.06437064,0.9290372,0.139744,0.2185563,-0.2638091,-0.0277306,-0.04322502,0.08212245,0.9666098,0.05153177,0.2135817,0.1318827,-0.03505406,-0.01369117,0.07789588,0.6565685,-0.01127378,0.1940569,0.7287886,-0.02299855,-0.009419826,0.0340736,0.01831173,-0.1403428,0.207036,0.9680417,0.01142663,-0.03077679,0.05868132,0.9153029,-0.04401306,0.1099463,-0.3849615,0.005851366,-0.04738344,0.07650748,0.9153029,-0.04401306,0.1099463,-0.3849615,0.0006430129,-0.04474451,0.1034312,0.9942909,-0.00522408,0.09532087,0.04766856,0.001725892,-0.00254316,0.09564663,0.6367943,-0.06181125,0.05460436,0.7666099,0.003373095,-0.007839849,0.03447198,0,0,0,1,0.01399962,-0.04343367,0.1711924,0.2416563,-0.08205684,0.005026382,0.9668732,0.01783607,-0.03387892,0.1513116,0.2416563,-0.08205684,0.005026382,0.9668732,0.02019557,-0.01977143,0.1316627,0.305145,-0.05147381,0.001325979,0.950913,0.02355068,-0.007316434,0.09599624,0.1679877,-0.03981064,-0.02997731,0.9845287,0.01958254,-0.009889907,0.03663447,0,0,0,1,-0.08598381,-0.003666108,0.1038867,-0.3015414,-0.2907187,0.5072334,0.7531731,-0.06730001,-0.008524952,0.08860549,-0.3015414,-0.2907187,0.5072334,0.7531731,-0.04818404,-0.01542348,0.06160608,-0.2352678,-0.2125307,0.4461764,0.836903,-0.03002412,-0.01640857,0.03465547,-0.1779788,-0.2320841,0.5399685,0.7892367,0.000663069,-0.03153614,0.04371669,0.916244,-0.05603674,-0.14641,-0.3686749,0.006278043,-0.04721029,0.06152692,0.916244,-0.05603674,-0.14641,-0.3686749,0.01362346,-0.04529846,0.08699333,0.9892459,-0.02372164,-0.1387614,0.03969147,0.01746524,-0.006529312,0.0886938,0.7216317,0.03242728,-0.09901354,0.6843923,0.01499234,-0.006015787,0.03477558,0,0,0,1,0.01325729,-0.0292796,0.04287658,0.9015477,-0.1361294,-0.1820554,-0.3681529,0.01893875,-0.0441047,0.05804454,0.9015477,-0.1361294,-0.1820554,-0.3681529,0.02622869,-0.04310226,0.07697613,0.9807457,-0.06458705,-0.1805375,0.03705051,0.03505408,-0.01369119,0.07789582,0.7173861,-0.01809458,-0.1832799,0.6718916,0.02299859,-0.009419837,0.03407352,0.01831179,0.1403429,-0.207036,0.9680417,-0.01169907,-0.02998642,0.05513707,0.915488,0.04474833,-0.1052674,-0.3857436,-0.006326769,-0.0466397,0.07298198,0.915488,0.04474833,-0.1052674,-0.3857436,-0.001238478,-0.04524387,0.1000216,0.9953537,0.003954497,-0.09287878,0.02508229,-0.001725886,-0.002543165,0.09564666,0.6676038,0.05785147,-0.05563644,0.7401779,-0.003512762,-0.007728681,0.03436451,0,0,0,1,-0.0133272,-0.0487374,0.1684915,0.26153,0.08656721,-0.003118808,0.9613007,-0.01735649,-0.03837707,0.1490573,0.26153,0.08656721,-0.003118808,0.9613007,-0.01989383,-0.02320789,0.1302391,0.3312714,0.05577727,-0.001010461,0.9418851,-0.02355071,-0.007316455,0.09599628,0.2161613,0.04298002,0.02916388,0.9749753,-0.0197222,-0.009667574,0.03652699,0,0,0,1,-0.02403909,1.294938,0.01711184,-0.4846292,-0.6585107,-0.5366634,0.2085439,-0.3010203,1.305252,-0.05713964,0.5736802,-0.5822001,-0.4478049,-0.3624983
137.526,0.08808962,-0.01789097,0.1034777,-0.2428114,0.3388102,-0.5296213,0.7387501,0.06896073,-0.01885246,0.08800603,-0.2428114,0.3388102,-0.5296213,0.7387501,0.04870958,-0.02062314,0.06101099,-0.1824534,0.2594131,-0.4759476,0.8202984,0.02973555,-0.01686751,0.03487731,-0.1338516,0.283172,-0.5648346,0.7634522,-0.0007817954,-0.03231204,0.04656707,0.9155625,0.05987775,0.1503116,-0.3681936,-0.006514621,-0.04799047,0.064336,0.9155625,0.05987775,0.1503116,-0.3681936,-0.01414715,-0.04537211,0.0896546,0.9878356,0.02391266,0.1440885,0.05336113,-0.01746526,-0.006529321,0.08869379,0.6972634,-0.03878169,0.1004331,0.7086839,-0.01499232,-0.006015767,0.03477551,0,0,0,1,-0.01090817,-0.0375938,0.04686754,0.9328148,0.1373964,0.219697,-0.2504244,-0.01904391,-0.04817781,0.06430076,0.9328148,0.1373964,0.219697,-0.2504244,-0.02768665,-0.04323088,0.08200339,0.9660324,0.05062154,0.2130469,0.1372231,-0.03505407,-0.0136912,0.07789585,0.6580557,-0.0104424,0.1937643,0.7275363,-0.02299855,-0.009419816,0.03407358,0.01831179,-0.1403428,0.207036,0.9680417,0.01143455,-0.03084992,0.05839499,0.9162355,-0.04417969,0.1095711,-0.3828248,0.005874163,-0.04737285,0.0763033,0.9162355,-0.04417969,0.1095711,-0.3828248,0.0006811839,-0.04478126,0.1032347,0.9943602,-0.00517639,0.09502662,0.04680756,0.001725947,-0.002543129,0.09564665,0.6386231,-0.06145901,0.05457772,0.7651173,0.003368522,-0.007843422,0.03447546,0,0,0,1,0.01412132,-0.04332721,0.1712928,0.238083,-0.08121614,0.004627263,0.9678323,0.01792826,-0.03392188,0.1513353,0.238083,-0.08121614,0.004627263,0.9678323,0.02025787,-0.01989519,0.1316251,0.3032083,-0.05065519,0.0009096684,0.9515768,0.0235507,-0.007316449,0.09599625,0.1696654,-0.03891991,-0.03007173,0.9842737,0.0195779,-0.009897046,0.03663788,0,0,0,1,-0.08570595,-0.003874107,0.1041394,-0.3001308,-0.2893433,0.5092601,0.7528986,-0.06707603,-0.008680384,0.08877578,-0.3001308,-0.2893433,0.5092601,0.7528986,-0.04804119,-0.0155414,0.0617097,-0.2344479,-0.2111066,0.4480873,0.8364723,-0.02996614,-0.01650293,0.03470125,-0.1772199,-0.2307449,0.541634,0.7886587,0.000689056,-0.03170806,0.04368335,0.9173676,-0.05572335,-0.1461742,-0.3660115,0.00631201,-0.0472741,0.06158568,0.9173676,-0.05572335,-0.1461742,-0.3660115,0.01363472,-0.04530215,0.08705403,0.989265,-0.02369432,-0.1383006,0.04081896,0.01746523,-0.0065293,0.08869377,0.7211048,0.03212971,-0.09863102,0.6850163,0.01499234,-0.006015779,0.03477553,0,0,0,0.9999999,0.01323592,-0.02949014,0.04288632,0.9029215,-0.1358553,-0.1822806,-0.36476,0.01896047,-0.04419626,0.05815352,0.9029215,-0.1358553,-0.1822806,-0.36476,0.0262522,-0.04311235,0.07707994,0.9806878,-0.06447812,-0.1804638,0.03907295,0.03505404,-0.01369117,0.07789587,0.7162061,-0.0181012,-0.1830083,0.6732227,0.02299857,-0.009419829,0.03407349,0.01831182,0.1403428,-0.207036,0.9680416,-0.01165279,-0.02995798,0.05510805,0.9157404,0.04489658,-0.1046761,-0.3852875,-0.006305435,-0.04659496,0.07297569,0.9157404,0.04489658,-0.1046761,-0.3852875,-0.001245047,-0.04524379,0.1000228,0.9954224,0.003844017,-0.09235773,0.02427865,-0.001725923,-0.00254315,0.09564657,0.6676281,0.0574454,-0.05530187,0.7402124,-0.003483769,-0.007752271,0.03438741,0,0,0,0.9999999,-0.01351954,-0.04870326,0.168541,0.2611049,0.08530059,-0.002837046,0.96153,-0.01749737,-0.03836015,0.1490871,0.2611049,0.08530059,-0.002837046,0.96153,-0.01998474,-0.02320775,0.1302487,0.3308516,0.05453547,-0.00062312,0.9421054,-0.02355069,-0.007316448,0.09599619,0.2161175,0.04170293,0.02937677,0.975034,-0.01969322,-0.009714758,0.03654991,0,0,0,0.9999999,-0.02465454,1.29537,0.01834971,-0.4872478,-0.6556201,-0.5372881,0.2099368,-0.3025993,1.305985,-0.05525923,0.5751243,-0.5793344,-0.4480612,-0.3644787
137.6372,0.08804704,-0.01801091,0.1034823,-0.243872,0.3399739,-0.5295963,0.7378836,0.06886432,-0.01896987,0.08807732,-0.243872,0.3399739,-0.5295963,0.7378836,0.04867221,-0.02067802,0.06103415,-0.1812875,0.2588557,-0.4768071,0.8202341,0.0297193,-0.01689264,0.03488939,-0.1334158,0.2830779,-0.5653385,0.7631905,-0.0007566385,-0.03255597,0.04630477,0.9173729,0.05922476,0.1502006,-0.3638125,-0.00651816,-0.04805554,0.06422081,0.9173729,0.05922476,0.1502006,-0.3638125,-0.01412156,-0.0453726,0.08954149,0.9878591,0.02373477,0.1435115,0.0545505,-0.01746525,-0.006529303,0.08869377,0.6983351,-0.03821086,0.1001153,0.7077042,-0.01499233,-0.0060158,0.03477557,0,0,0,1,-0.0108937,-0.03781885,0.04657705,0.9342778,0.1362389,0.2186868,-0.2464547,-0.01903406,-0.0482337,0.06410982,0.9342778,0.1362389,0.2186868,-0.2464547,-0.02761698,-0.04323734,0.08182763,0.9662274,0.05059866,0.2114228,0.1383645,-0.03505411,-0.01369121,0.07789584,0.6602497,-0.008790528,0.1929944,0.7257729,-0.02299858,-0.009419848,0.03407352,0.01831183,-0.1403428,0.207036,0.9680417,0.01143597,-0.03099659,0.05815587,0.9175882,-0.04436526,0.1093227,-0.3796213,0.00588469,-0.04739249,0.07618339,0.9175882,-0.04436526,0.1093227,-0.3796213,0.000705172,-0.04480275,0.1031175,0.9943856,-0.00518619,0.09477755,0.04677274,0.001725905,-0.002543177,0.09564666,0.6397165,-0.06119239,0.05451797,0.7642292,0.003360344,-0.007849699,0.03448149,0,0,0,1,0.01416296,-0.04328753,0.1713472,0.2353204,-0.08089373,0.004349731,0.9685361,0.01796085,-0.03399809,0.1513336,0.2353204,-0.08089373,0.004349731,0.9685361,0.02028146,-0.02003405,0.1315779,0.3017126,-0.05034877,0.0006395365,0.9520685,0.02355067,-0.007316471,0.09599628,0.1715701,-0.03855138,-0.03010574,0.9839569,0.01956975,-0.009909615,0.03664391,0,0,0,1,-0.0852682,-0.004490468,0.1045474,-0.2981834,-0.2883536,0.5134447,0.7512082,-0.06667492,-0.009160801,0.08909788,-0.2981834,-0.2883536,0.5134447,0.7512082,-0.04774039,-0.01588982,0.0619284,-0.2327109,-0.2094015,0.4524983,0.8350102,-0.02983218,-0.01671672,0.0348046,-0.1747934,-0.2287426,0.5457494,0.7869446,0.0006877828,-0.03195665,0.0437371,0.918607,-0.05558107,-0.1463652,-0.3628351,0.006337776,-0.04739463,0.0617415,0.918607,-0.05558107,-0.1463652,-0.3628351,0.01366179,-0.04531078,0.08720054,0.9891796,-0.02358234,-0.1382909,0.04293531,0.01746523,-0.006529322,0.08869385,0.7197973,0.03222772,-0.09848391,0.686407,0.01499234,-0.006015783,0.03477552,0,0,0,1,0.01316541,-0.02980561,0.04296998,0.904599,-0.1357979,-0.1832364,-0.3601172,0.01896883,-0.04435177,0.05836032,0.904599,-0.1357979,-0.1832364,-0.3601172,0.02629454,-0.04312955,0.07726512,0.9804375,-0.06417327,-0.1811472,0.04254406,0.03505408,-0.0136912,0.07789592,0.7141146,-0.01750026,-0.183092,0.6754344,0.02299858,-0.009419837,0.03407354,0.01831177,0.1403429,-0.207036,0.9680418,-0.01160671,-0.03003645,0.05517197,0.9163075,0.04505517,-0.1043794,-0.3839999,-0.006270785,-0.046623,0.07308982,0.9163075,0.04505517,-0.1043794,-0.3839999,-0.001231648,-0.04523161,0.1001388,0.9954402,0.003849123,-0.09197148,0.02501224,-0.001725881,-0.002543165,0.0956466,0.6666354,0.05721325,-0.05497216,0.7411493,-0.003416819,-0.007805719,0.03443906,0,0,0,1,-0.01374363,-0.04850497,0.1686875,0.2596061,0.08381233,-0.002558362,0.9620675,-0.01766145,-0.03822279,0.1491892,0.2596061,0.08381233,-0.002558362,0.9620675,-0.02009076,-0.02312935,0.1302959,0.3293799,0.05308135,-0.0001887608,0.9427044,-0.02355067,-0.007316465,0.09599626,0.2149546,0.04023619,0.02962763,0.975345,-0.01962626,-0.009821654,0.03660156,0,0,0,1,-0.02509475,1.302328,0.01995426,-0.4957254,-0.6434674,-0.5439597,0.2105085,-0.3038886,1.310872,-0.05586475,0.5812823,-0.5660718,-0.4494563,-0.3737148
137.7486,0.08883251,-0.01650688,0.1028497,-0.2493289,0.3403014,-0.5224521,0.7409951,0.06955252,-0.01782065,0.08759287,-0.2493289,0.3403014,-0.5224521,0.7409951,0.04921585,-0.01990431,0.06068477,-0.1854853,0.2597387,-0.4692788,0.8233519,0.02995284,-0.01652443,0.03471164,-0.1394908,0.2848062,-0.5580644,0.7668063,-0.0008690152,-0.03452084,0.04792816,0.9243245,0.05981391,0.1524528,-0.3446809,-0.006824616,-0.04924899,0.0664221,0.9243245,0.05981391,0.1524528,-0.3446809,-0.01452736,-0.04530971,0.09154762,0.9860289,0.02248897,0.1451963,0.07848201,-0.01746523,-0.006529293,0.08869378,0.6794991,-0.04110163,0.09933655,0.7257574,-0.0149923,-0.006015772,0.03477559,0,0,0,1,-0.0117436,-0.03461334,0.04718733,0.9202214,0.1426832,0.211656,-0.2967088,-0.01911349,-0.04699004,0.06375943,0.9202214,0.1426832,0.211656,-0.2967088,-0.0276095,-0.04323613,0.08182263,0.9703184,0.05602656,0.2093444,0.1073236,-0.03505405,-0.0136912,0.07789586,0.6603178,-0.00832382,0.1926462,0.7258089,-0.02299858,-0.00941986,0.03407359,0.01831178,-0.1403428,0.207036,0.9680416,0.01112575,-0.03256325,0.05958308,0.9243751,-0.04562596,0.1104294,-0.3622901,0.005508475,-0.04824948,0.07821167,0.9243751,-0.04562596,0.1104294,-0.3622901,0.000426098,-0.04441513,0.1050155,0.9931881,-0.006554198,0.09333044,0.06945151,0.001725909,-0.002543148,0.09564661,0.6221976,-0.0611929,0.05225395,0.7787138,0.003477128,-0.007757659,0.03439265,0,0,0,1,0.01442611,-0.04251026,0.1717593,0.2290619,-0.07913563,0.004127931,0.970181,0.01815502,-0.03348177,0.1516138,0.2290619,-0.07913563,0.004127931,0.970181,0.02040837,-0.01974612,0.1316909,0.2962407,-0.04865082,0.0001654811,0.9538733,0.02355068,-0.007316445,0.0959962,0.167543,-0.03691135,-0.03031501,0.9847069,0.01968656,-0.009725506,0.03655502,0,0,0,1,-0.08385977,-0.006546613,0.1059027,-0.2880082,-0.2844476,0.526359,0.7477216,-0.06549411,-0.01069938,0.09003874,-0.2880082,-0.2844476,0.526359,0.7477216,-0.04691009,-0.01691801,0.06250799,-0.2253607,-0.2046247,0.4655713,0.8310145,-0.02944726,-0.01730151,0.0350856,-0.1674016,-0.2241874,0.557385,0.7816898,0.0006663131,-0.03219528,0.04393597,0.9194552,-0.0557582,-0.1469836,-0.3604015,0.006353869,-0.04753653,0.06201106,0.9194552,-0.0557582,-0.1469836,-0.3604015,0.01370841,-0.04532412,0.08745044,0.9889954,-0.02346199,-0.1388454,0.04538519,0.01746525,-0.006529322,0.08869377,0.7175403,0.03283448,-0.09864631,0.688714,0.01499233,-0.006015785,0.03477555,0,0,0,1,0.01315989,-0.03002453,0.04305372,0.9057904,-0.1357037,-0.1834268,-0.3570477,0.0189992,-0.04446283,0.05853164,0.9057904,-0.1357037,-0.1834268,-0.3570477,0.02633138,-0.04314353,0.07742752,0.9803302,-0.06407571,-0.1811765,0.04497067,0.03505407,-0.01369119,0.07789581,0.7122653,-0.01736878,-0.1828004,0.6774663,0.02299853,-0.009419848,0.0340736,0.0183118,0.1403428,-0.207036,0.9680417,-0.01152713,-0.03036655,0.05538332,0.917834,0.04541048,-0.1042663,-0.3803252,-0.006191849,-0.04680603,0.07343639,0.917834,0.04541048,-0.1042663,-0.3803252,-0.001185407,-0.04519386,0.1004793,0.9953828,0.00406919,-0.0914029,0.02902164,-0.001725928,-0.002543163,0.0956466,0.6636757,0.05697383,-0.05437117,0.7438632,-0.003224333,-0.007951907,0.0345795,0,0,0,1,-0.01389759,-0.04809337,0.1689316,0.2573952,0.08279145,-0.002508654,0.9627497,-0.01777395,-0.03790087,0.1493779,0.2573952,0.08279145,-0.002508654,0.9627497,-0.02016274,-0.02289447,0.1304103,0.3272099,0.0520842,5.260404E-06,0.9435152,-0.02355066,-0.007316473,0.09599628,0.2115919,0.03929715,0.02979978,0.9761131,-0.01943375,-0.01011404,0.03674204,0,0,0,1,-0.01131743,1.35198,-0.02917236,-0.4840666,-0.6367794,-0.5537171,0.2314926,-0.2858324,1.354266,-0.1095521,0.5838054,-0.5460305,-0.4589169,-0.3878367
137.8597,0.08929472,-0.01419506,0.1024102,-0.2590311,0.3374457,-0.514717,0.7443784,0.06993873,-0.0161117,0.08731446,-0.2590311,0.3374457,-0.514717,0.7443784,0.04960497,-0.01887353,0.0604651,-0.1923154,0.2564265,-0.4611724,0.8273934,0.03015467,-0.01619188,0.03455019,-0.1477831,0.2821827,-0.550342,0.7717877,-0.001544747,-0.03271534,0.05063611,0.9088457,0.06487701,0.1492505,-0.3840766,-0.007061677,-0.04904829,0.06787597,0.9088457,0.06487701,0.1492505,-0.3840766,-0.01483358,-0.04519815,0.09299409,0.9859253,0.0238627,0.1464564,0.07702319,-0.01746522,-0.006529302,0.08869378,0.6655557,-0.04356893,0.0990409,0.7384634,-0.01499231,-0.006015779,0.03477558,0,0,0,1,-0.01274955,-0.03229189,0.04926716,0.9025496,0.1528568,0.2063134,-0.34565,-0.01932018,-0.04651683,0.06464919,0.9025496,0.1528568,0.2063134,-0.34565,-0.02792092,-0.04317609,0.08274391,0.9705797,0.05837696,0.212276,0.09749897,-0.03505409,-0.0136912,0.07789587,0.6487944,-0.01264794,0.1932891,0.7358974,-0.02299858,-0.009419843,0.03407359,0.01831178,-0.1403429,0.2070359,0.9680417,0.01090177,-0.03135524,0.06175984,0.9116073,-0.04527926,0.1100008,-0.3934743,0.005300687,-0.04828781,0.07926844,0.9116073,-0.04527926,0.1100008,-0.3934743,0.0002943307,-0.04416731,0.1060441,0.9929308,-0.006551424,0.0920012,0.07470886,0.001725887,-0.002543176,0.09564663,0.6125436,-0.06068853,0.05069915,0.786471,0.003578036,-0.007674508,0.03431188,0,0,0,1,0.01391957,-0.04107797,0.1723883,0.2178576,-0.08212856,0.004867838,0.9725067,0.0177824,-0.03251946,0.1520638,0.2178576,-0.08212856,0.004867838,0.9725067,0.02017827,-0.01926495,0.1318339,0.2848446,-0.05171152,0.0007288649,0.9571776,0.02355062,-0.007316472,0.09599622,0.1610308,-0.04020778,-0.02997802,0.9856742,0.01978745,-0.009559235,0.03647434,0,0,0,1,-0.08379839,-0.009332954,0.1062738,-0.2783687,-0.2929864,0.5323097,0.7438524,-0.06532189,-0.01277245,0.09036793,-0.2783687,-0.2929864,0.5323097,0.7438524,-0.04680038,-0.01796826,0.06258423,-0.212528,-0.2091579,0.4741857,0.8283918,-0.02930613,-0.0175058,0.03518309,-0.1586988,-0.2311382,0.5640422,0.7766894,0.0007135481,-0.03268493,0.04433365,0.9212595,-0.05584314,-0.1472935,-0.3556224,0.006438128,-0.04783369,0.06255882,0.9212595,-0.05584314,-0.1472935,-0.3556224,0.01380502,-0.04534649,0.08796921,0.9887233,-0.0233053,-0.1390023,0.05060887,0.0174652,-0.006529294,0.08869378,0.7128653,0.03336182,-0.09829351,0.6935765,0.01499235,-0.006015775,0.0347755,0,0,0,0.9999999,0.01319819,-0.03068041,0.04341247,0.908693,-0.1358522,-0.1834491,-0.349525,0.01910218,-0.04485386,0.05910913,0.908693,-0.1358522,-0.1834491,-0.349525,0.0264539,-0.04318314,0.07796957,0.9799104,-0.06368664,-0.1811933,0.05374695,0.03505401,-0.01369118,0.07789586,0.7060532,-0.01702694,-0.1817494,0.6842266,0.02299857,-0.009419831,0.03407355,0.01831176,0.1403428,-0.207036,0.9680417,-0.01146984,-0.03035801,0.05581162,0.9175418,0.0453425,-0.104393,-0.3810029,-0.006129562,-0.04682424,0.07383886,0.9175418,0.0453425,-0.104393,-0.3810029,-0.001122461,-0.04514598,0.1008775,0.995345,0.004061275,-0.09142356,0.0302283,-0.001725969,-0.002543146,0.0956466,0.6601503,0.05721522,-0.0540942,0.7469953,-0.003153763,-0.008002989,0.03462835,0,0,0,0.9999999,-0.01263974,-0.04774163,0.1689406,0.2556478,0.09095139,-0.004371833,0.9624723,-0.01685204,-0.03762096,0.1494192,0.2556478,0.09095139,-0.004371833,0.9624723,-0.01957162,-0.02268307,0.1304421,0.3255284,0.06012024,-0.002396927,0.943616,-0.02355072,-0.007316447,0.09599626,0.2088732,0.04763088,0.02848988,0.9763666,-0.01936317,-0.0102162,0.03679081,0,0,0,0.9999999,0.005161464,1.366392,-0.146154,-0.5784812,-0.6652832,-0.4383426,0.1749671,-0.2569633,1.378829,-0.2252192,0.6127749,-0.649287,-0.3532876,-0.2795016
137.9708,0.07486412,-0.02121234,0.1130672,-0.1948053,0.2749963,-0.5860065,0.7369021,0.05861504,-0.02124134,0.09456926,-0.1948053,0.2749963,-0.5860065,0.7369021,0.04406122,-0.02222067,0.06408641,-0.1330185,0.1768765,-0.5324892,0.8169923,0.02792523,-0.01927812,0.03601398,-0.1241291,0.2299563,-0.6034479,0.753368,-0.001414051,-0.03126444,0.05034235,0.9008387,0.06635966,0.1497804,-0.4020601,-0.006822528,-0.04829561,0.0669286,0.9008387,0.06635966,0.1497804,-0.4020601,-0.0146824,-0.04527374,0.09213254,0.9867221,0.02472536,0.1483443,0.06134109,-0.01746527,-0.006529322,0.08869385,0.6737472,-0.04444848,0.1011613,0.7306545,-0.01499237,-0.006015782,0.03477556,0,0,0,1,-0.01304001,-0.02983123,0.04805623,0.8878921,0.1536548,0.1991178,-0.385215,-0.01892997,-0.04540053,0.06237524,0.8878921,0.1536548,0.1991178,-0.385215,-0.02730613,-0.04328051,0.08075733,0.9740489,0.06110698,0.2075097,0.06659668,-0.03505407,-0.01369121,0.07789596,0.6733358,-0.006948049,0.1946419,0.7132219,-0.02299861,-0.009419849,0.03407355,0.01831183,-0.1403429,0.207036,0.9680418,0.01241,-0.03008125,0.06170249,0.9016043,-0.0366436,0.1281471,-0.4115168,0.006141205,-0.04767592,0.07830881,0.9016043,-0.0366436,0.1281471,-0.4115168,-3.13165E-05,-0.04441116,0.1049587,0.9917732,-0.007707683,0.1134119,0.05886259,0.001725966,-0.002543153,0.09564666,0.6209093,-0.07751019,0.06408285,0.7774045,0.002463334,-0.008446076,0.03504378,0,0,0,1,0.002872531,-0.03755088,0.1718845,0.1798429,-0.1505978,0.01362268,0.9720041,0.009674925,-0.03060709,0.151716,0.1798429,-0.1505978,0.01362268,0.9720041,0.01512414,-0.01895111,0.1310977,0.2478269,-0.1200114,0.013123,0.961253,0.02355071,-0.007316468,0.09599626,0.1588534,-0.1096333,-0.02230716,0.980943,0.01867273,-0.01110238,0.03720629,0,0,0,1,-0.07058899,-0.02160537,0.1155632,-0.1716454,-0.2512979,0.5977517,0.7416736,-0.05566102,-0.02136348,0.09598501,-0.1716454,-0.2512979,0.5977517,0.7416736,-0.0433482,-0.02205547,0.06452253,-0.1111605,-0.1487508,0.5431067,0.8188722,-0.02764844,-0.01959213,0.03615813,-0.1262614,-0.2187591,0.6077268,0.7529081,0.0005196668,-0.03418534,0.0439776,0.9302595,-0.05411974,-0.1493755,-0.3307186,0.006485381,-0.04829926,0.0629412,0.9302595,-0.05411974,-0.1493755,-0.3307186,0.01386638,-0.04535698,0.08829885,0.9882377,-0.02258842,-0.1391785,0.05920209,0.01746523,-0.006529304,0.08869374,0.7098802,0.03366794,-0.09804375,0.6966518,0.01499232,-0.006015779,0.03477548,0,0,0,0.9999998,0.01307391,-0.03150201,0.04330714,0.9122259,-0.1354462,-0.184009,-0.3400571,0.01908751,-0.04533564,0.05926315,0.9122259,-0.1354462,-0.184009,-0.3400571,0.02647386,-0.04318858,0.07806168,0.9792258,-0.06224863,-0.1815209,0.06551427,0.03505409,-0.01369119,0.07789575,0.7049854,-0.01719811,-0.181367,0.6854237,0.02299857,-0.009419833,0.03407355,0.01831177,0.1403428,-0.207036,0.9680415,-0.01173035,-0.03085629,0.05548334,0.9218898,0.04442842,-0.1075746,-0.3695579,-0.006261873,-0.046856,0.07388827,0.9218898,0.04442842,-0.1075746,-0.3695579,-0.001070194,-0.04514366,0.10089,0.9950064,0.004372575,-0.09483268,0.03081688,-0.001725873,-0.002543157,0.09564658,0.6598021,0.05989374,-0.05622883,0.7469351,-0.002324971,-0.008524566,0.03511577,0,0,0,0.9999998,-0.007476286,-0.04133,0.1712332,0.2132613,0.1228589,-0.01104027,0.9691768,-0.01305899,-0.03296559,0.15123,0.2132613,0.1228589,-0.01104027,0.9691768,-0.01718487,-0.01974251,0.1312602,0.2840873,0.09194706,-0.0100848,0.9543261,-0.02355071,-0.007316445,0.09599619,0.1688918,0.08115562,0.02503958,0.9819685,-0.01853436,-0.01125935,0.03727833,0,0,0,0.9999998,0.02553353,1.343174,-0.2353747,-0.6290326,-0.7160857,-0.2855437,0.1000217,-0.2295419,1.324183,-0.3409942,0.6392354,-0.7259335,-0.1924914,-0.1653651
138.0819,0.07647556,-0.01715471,0.1121385,-0.2134863,0.265569,-0.5783772,0.7411994,0.06008513,-0.01827983,0.09380002,-0.2134863,0.265569,-0.5783772,0.7411994,0.04419747,-0.02103011,0.06410176,-0.1652981,0.1823809,-0.5188573,0.8186579,0.02806636,-0.01911322,0.03593789,-0.1348063,0.2207021,-0.5972859,0.7591885,-0.0009141026,-0.03034104,0.05093586,0.8933482,0.07061342,0.1565651,-0.4152471,-0.006461642,-0.04789041,0.0669251,0.8933482,0.07061342,0.1565651,-0.4152471,-0.01475625,-0.04528735,0.09203625,0.9858413,0.02456856,0.1569751,0.05359402,-0.01746525,-0.006529314,0.08869376,0.6741805,-0.05122932,0.1069154,0.7289894,-0.01499236,-0.006015764,0.03477547,0,0,0,1,-0.01394883,-0.02827904,0.04952715,0.8672773,0.1617939,0.1912253,-0.430216,-0.01892544,-0.04532117,0.06244741,0.8672773,0.1617939,0.1912253,-0.430216,-0.02733424,-0.04328132,0.08082352,0.9739613,0.06132236,0.2084599,0.06468127,-0.03505411,-0.0136912,0.07789584,0.6725227,-0.00790312,0.1952176,0.7138212,-0.02299856,-0.009419821,0.03407353,0.01831179,-0.1403428,0.207036,0.9680417,0.01280187,-0.02921766,0.06265935,0.8910864,-0.03296676,0.1340828,-0.4323195,0.006356508,-0.04757585,0.07834597,0.8910864,-0.03296676,0.1340828,-0.4323195,-0.0001837704,-0.04441292,0.1049204,0.9910774,-0.008209838,0.1202409,0.05692458,0.001725859,-0.002543186,0.09564666,0.6205513,-0.083057,0.06812189,0.7767736,0.002533897,-0.008404854,0.03500573,0,0,0,1,0.001542746,-0.03611385,0.1721016,0.1771284,-0.1584006,0.01551963,0.9712333,0.008669855,-0.02927732,0.1520086,0.1771284,-0.1584006,0.01551963,0.9712333,0.01451163,-0.01817271,0.1311945,0.2353164,-0.128126,0.01378762,0.9633379,0.02355071,-0.007316457,0.09599628,0.148477,-0.1180337,-0.02223703,0.9815948,0.01874332,-0.0110199,0.03716822,0,0,0,1,-0.07034511,-0.01619476,0.115905,-0.1721785,-0.2201392,0.5890576,0.7582247,-0.05644851,-0.01714085,0.09560226,-0.1721785,-0.2201392,0.5890576,0.7582247,-0.04383435,-0.01978958,0.06436381,-0.1356393,-0.1392859,0.5253327,0.8283882,-0.02802383,-0.01916319,0.03596095,-0.1463024,-0.2044541,0.5939596,0.764203,0.0008947406,-0.03446455,0.04742308,0.92458,-0.05896985,-0.1511431,-0.3447179,0.006803163,-0.04918855,0.06593543,0.92458,-0.05896985,-0.1511431,-0.3447179,0.01442454,-0.04533223,0.0910987,0.9863881,-0.02249057,-0.1436285,0.07683607,0.01746524,-0.0065293,0.0886938,0.6838178,0.03946907,-0.0986798,0.7218711,0.0149923,-0.006015772,0.03477554,0,0,0,1,0.01416284,-0.03017772,0.04695976,0.8908525,-0.1484196,-0.1789428,-0.3902989,0.01932363,-0.04582568,0.06147313,0.8908525,-0.1484196,-0.1789428,-0.3902989,0.02698209,-0.04324947,0.08010812,0.977156,-0.06244506,-0.188018,0.07691567,0.03505407,-0.01369118,0.07789586,0.6810985,-0.009911255,-0.1825739,0.7089947,0.02299857,-0.009419838,0.03407357,0.01831179,0.1403428,-0.2070361,0.9680417,-0.01169264,-0.03240911,0.0592092,0.9206158,0.04362851,-0.1163904,-0.3701578,-0.005828835,-0.04840036,0.07749941,0.9206158,0.04362851,-0.1163904,-0.3701578,-0.0004168815,-0.0445807,0.1042408,0.9926106,0.007476264,-0.0994731,0.06909065,-0.001725929,-0.002543145,0.09564664,0.6289479,0.06575077,-0.05652545,0.7725972,-0.002512618,-0.008417337,0.03501721,0,0,0,1,-0.007057811,-0.03731293,0.1728529,0.1937034,0.1244507,-0.01204506,0.9730603,-0.01272962,-0.02977072,0.1525501,0.1937034,0.1244507,-0.01204506,0.9730603,-0.01700564,-0.01773842,0.1318713,0.2564123,0.09396699,-0.009441015,0.9619429,-0.02355065,-0.007316456,0.09599628,0.1415595,0.08375526,0.02613003,0.9860342,-0.01872203,-0.01104489,0.03717975,0,0,0,1,0.03294104,1.290329,-0.2487876,-0.6070521,-0.7715142,-0.1903318,0.005243927,-0.2282764,1.280924,-0.3290614,0.6082846,-0.7933509,-0.004997283,-0.02364865
138.1931,0.07994929,-0.01482187,0.1094266,-0.2501037,0.2867685,-0.5616348,0.7346961,0.06211596,-0.01683784,0.09257074,-0.2501037,0.2867685,-0.5616348,0.7346961,0.04483899,-0.02042932,0.06375099,-0.1865081,0.1969749,-0.5056756,0.8189676,0.02836514,-0.01875309,0.03577078,-0.1395417,0.2241313,-0.5900374,0.7629868,-0.001118521,-0.02857189,0.053177,0.879356,0.07670546,0.1590611,-0.4422087,-0.006474745,-0.04712556,0.06805944,0.879356,0.07670546,0.1590611,-0.4422087,-0.01509133,-0.04520025,0.09312323,0.985337,0.02657659,0.1634297,0.04117387,-0.01746518,-0.006529324,0.08869381,0.6632227,-0.05780938,0.1102222,0.7380004,-0.01499229,-0.006015786,0.03477554,0,0,0,0.9999998,-0.01447034,-0.02915108,0.0522992,0.8682595,0.1682804,0.193887,-0.4245172,-0.01948876,-0.04606499,0.06537079,0.8682595,0.1682804,0.193887,-0.4245172,-0.02819296,-0.04310974,0.08348317,0.9706784,0.060406,0.2152445,0.08834103,-0.03505405,-0.01369119,0.07789585,0.6393595,-0.01677232,0.1941704,0.7437981,-0.02299856,-0.009419835,0.03407356,0.01831177,-0.1403428,0.2070359,0.9680416,0.01272206,-0.02957802,0.06484987,0.8877475,-0.03111167,0.1398266,-0.4374754,0.006064364,-0.04810701,0.08024427,0.8877475,-0.03111167,0.1398266,-0.4374754,-0.0006679916,-0.04397046,0.1066363,0.9893872,-0.01026814,0.1242716,0.07458981,0.001725946,-0.002543161,0.09564661,0.6035564,-0.08783019,0.06868826,0.7894853,0.002683255,-0.008314821,0.03492218,0,0,0,0.9999998,0.001540948,-0.02807985,0.1747163,0.1274851,-0.1559751,0.0131226,0.9794117,0.008646996,-0.02339925,0.1540075,0.1274851,-0.1559751,0.0131226,0.9794117,0.01456623,-0.01471618,0.1320934,0.1820274,-0.126583,0.009071832,0.9750694,0.02355068,-0.007316457,0.09599622,0.1019091,-0.1172255,-0.02631792,0.9875119,0.01889266,-0.01083986,0.03708463,0,0,0,0.9999998,-0.07262107,-0.01473607,0.1144833,-0.1963307,-0.2352042,0.5788717,0.7556729,-0.05763345,-0.01624447,0.09500749,-0.1963307,-0.2352042,0.5788717,0.7556729,-0.04430378,-0.01931077,0.06410623,-0.1459779,-0.1465518,0.517486,0.8303143,-0.02825284,-0.01889025,0.0358346,-0.1500338,-0.2066768,0.5882785,0.7672701,0.0007884849,-0.03372598,0.04825077,0.9183717,-0.06172154,-0.1535906,-0.3594357,0.006687831,-0.04906595,0.06625903,0.9183717,-0.06172154,-0.1535906,-0.3594357,0.01451664,-0.04532121,0.09137539,0.9859424,-0.02241813,-0.1477051,0.07482333,0.01746524,-0.006529299,0.08869386,0.68101,0.0429358,-0.1011593,0.7239814,0.01499236,-0.006015785,0.03477554,0,0,0,1,0.01441153,-0.02996908,0.04838626,0.8844932,-0.1533039,-0.1796104,-0.402381,0.0193967,-0.04604689,0.06248517,0.8844932,-0.1533039,-0.1796104,-0.402381,0.02723888,-0.04323728,0.08100973,0.9757897,-0.06204154,-0.1925527,0.08312272,0.03505411,-0.01369119,0.07789583,0.6702917,-0.005337624,-0.1840411,0.7188948,0.02299857,-0.00941983,0.03407356,0.01831172,0.1403428,-0.207036,0.9680418,-0.01186872,-0.03241062,0.05989868,0.9176028,0.04255078,-0.1200014,-0.3765565,-0.005855369,-0.04864924,0.0779204,0.9176028,0.04255078,-0.1200014,-0.3765565,-0.0002892792,-0.04450538,0.1045817,0.9918721,0.008316752,-0.102477,0.07496411,-0.001725928,-0.002543144,0.09564668,0.6254942,0.06844045,-0.05805154,0.7750505,-0.002627144,-0.008349098,0.03495408,0,0,0,1,-0.006884516,-0.03416031,0.174201,0.1635006,0.124217,-0.01061537,0.9786345,-0.01259332,-0.02792063,0.1534709,0.1635006,0.124217,-0.01061537,0.9786345,-0.01699099,-0.01761402,0.1319046,0.2177067,0.09445277,-0.005873841,0.9714156,-0.02355072,-0.007316447,0.09599633,0.1398762,0.08396677,0.02619713,0.9862547,-0.0188366,-0.01090841,0.03711655,0,0,0,1,0.03006962,1.29224,-0.2327725,-0.6213741,-0.7578485,-0.1984371,-0.01350865,-0.2223619,1.292664,-0.3016822,0.614955,-0.7841008,-0.07309264,-0.04091313
138.304,0.08045994,-0.01508173,0.1089351,-0.2570074,0.292611,-0.5615385,0.7300692,0.06230078,-0.01712284,0.09243385,-0.2570074,0.292611,-0.5615385,0.7300692,0.0446321,-0.0207568,0.06385788,-0.1910994,0.2016783,-0.5067084,0.8161213,0.02825856,-0.01888334,0.03583137,-0.1368306,0.2242119,-0.5930083,0.7611489,-0.0006239343,-0.02796818,0.05429251,0.8717024,0.08263366,0.1677311,-0.45296,-0.006152605,-0.04692838,0.06858775,0.8717024,0.08263366,0.1677311,-0.45296,-0.01532963,-0.04517354,0.0934645,0.98356,0.02615056,0.1745436,0.03821198,-0.0174652,-0.006529293,0.08869379,0.659035,-0.06711427,0.1169015,0.7399341,-0.01499236,-0.006015785,0.03477548,0,0,0,0.9999999,-0.01478828,-0.02851861,0.05313754,0.8595806,0.1722608,0.1928378,-0.4407504,-0.0195074,-0.04594576,0.06563371,0.8595806,0.1722608,0.1928378,-0.4407504,-0.02830585,-0.04309059,0.08371647,0.9702919,0.06060822,0.2178457,0.08604427,-0.03505409,-0.01369119,0.07789585,0.6363061,-0.01945087,0.1954138,0.7460225,-0.02299857,-0.009419846,0.03407359,0.01831183,-0.1403428,0.207036,0.9680416,0.0131025,-0.02918524,0.06588091,0.8815493,-0.02687004,0.1477362,-0.4475741,0.00619755,-0.04806272,0.08073354,0.8815493,-0.02687004,0.1477362,-0.4475741,-0.000993007,-0.0438541,0.106993,0.9881586,-0.01136649,0.1329375,0.07576932,0.001725887,-0.002543164,0.0956466,0.5989534,-0.09536886,0.07318643,0.791709,0.00263002,-0.008347373,0.03495246,0,0,0,0.9999999,0.0005619929,-0.02796202,0.174496,0.1348266,-0.1618231,0.0150751,0.9774497,0.007900653,-0.02295004,0.1539464,0.1348266,-0.1618231,0.0150751,0.9774497,0.01411096,-0.01450496,0.1320198,0.1768806,-0.1327211,0.009404947,0.9751973,0.02355065,-0.007316431,0.09599616,0.09928939,-0.1234455,-0.02619907,0.9870239,0.01883936,-0.01090496,0.03711488,0,0,0,0.9999999,-0.07307576,-0.01437956,0.1141381,-0.2048293,-0.2397351,0.5770769,0.7533622,-0.05773454,-0.01607027,0.09495471,-0.2048293,-0.2397351,0.5770769,0.7533622,-0.04427269,-0.01927109,0.06412445,-0.1487809,-0.1473145,0.5168554,0.8300743,-0.02824427,-0.01890065,0.03583946,-0.1504194,-0.2058955,0.5882946,0.7673922,0.0006170535,-0.03364763,0.04851171,0.9166829,-0.06294028,-0.1559381,-0.3625116,0.006585654,-0.04911931,0.06638391,0.9166829,-0.06294028,-0.1559381,-0.3625116,0.0145576,-0.04531929,0.09144696,0.9854435,-0.0219493,-0.1505232,0.07590971,0.01746524,-0.006529304,0.0886938,0.6801904,0.04518022,-0.1029249,0.7243661,0.0149924,-0.006015788,0.03477556,0,0,0,1,0.01441772,-0.02986818,0.04891799,0.881699,-0.1555191,-0.181194,-0.4069267,0.01937876,-0.04611135,0.06283482,0.881699,-0.1555191,-0.181194,-0.4069267,0.02733995,-0.04323205,0.08129777,0.9750414,-0.06158021,-0.1956244,0.08504771,0.03505406,-0.01369118,0.0778958,0.6668018,-0.002554801,-0.1855259,0.721768,0.0229986,-0.009419842,0.03407361,0.01831179,0.1403429,-0.207036,0.9680417,-0.01220054,-0.03388645,0.05919738,0.9225577,0.0428449,-0.1242747,-0.3627779,-0.005985351,-0.04954976,0.07765465,0.9225577,0.0428449,-0.1242747,-0.3627779,-0.000308983,-0.04459488,0.1041539,0.9903688,0.01030409,-0.1049569,0.08970898,-0.001725932,-0.002543146,0.09564659,0.6292596,0.07030838,-0.05999326,0.7716799,-0.002622797,-0.008351712,0.0349565,0,0,0,1,-0.006185666,-0.03917658,0.1721656,0.1943686,0.1296641,-0.01159545,0.9722519,-0.01208372,-0.03161265,0.1519353,0.1943686,0.1296641,-0.01159545,0.9722519,-0.01665959,-0.02006428,0.131046,0.2456088,0.09959621,-0.007703296,0.9642084,-0.02355067,-0.00731646,0.09599625,0.1735423,0.08841872,0.02389045,0.9805582,-0.01883227,-0.01091362,0.03711898,0,0,0,1,0.02996856,1.291514,-0.2318513,-0.6208144,-0.7566521,-0.2049261,-0.008504122,-0.2273987,1.296846,-0.2904313,0.6213762,-0.7755166,-0.09621021,-0.05665043
138.4153,0.08036122,-0.01561072,0.1089368,-0.2585385,0.2949417,-0.5638447,0.7268059,0.06209134,-0.01756171,0.09254731,-0.2585385,0.2949417,-0.5638447,0.7268059,0.04433698,-0.02110717,0.06401338,-0.1915139,0.2028228,-0.5097962,0.8138141,0.02811558,-0.01905499,0.03591093,-0.1339769,0.2233329,-0.5966652,0.7590544,-0.0003458885,-0.02793317,0.0547724,0.8696418,0.08530695,0.1724773,-0.4546402,-0.006008465,-0.04696708,0.0689166,0.8696418,0.08530695,0.1724773,-0.4546402,-0.01546886,-0.04515341,0.0936827,0.9825168,0.02557526,0.1801462,0.03942241,-0.01746531,-0.006529348,0.08869385,0.6564083,-0.07184741,0.1201352,0.7413055,-0.01499232,-0.006015787,0.03477554,0,0,0,1,-0.01480779,-0.02834181,0.05340729,0.8567665,0.1738406,0.1938196,-0.4451571,-0.01948076,-0.0459116,0.06571987,0.8567665,0.1738406,0.1938196,-0.4451571,-0.02835493,-0.04309101,0.08377107,0.9699049,0.06037845,0.2199241,0.085279,-0.03505403,-0.01369119,0.07789585,0.6355494,-0.02131725,0.1965902,0.7463077,-0.02299862,-0.00941985,0.03407354,0.01831177,-0.1403428,0.2070361,0.9680418,0.01330368,-0.02918368,0.06642253,0.880224,-0.02468294,0.1525869,-0.44868,0.006232266,-0.04809256,0.0811564,0.880224,-0.02468294,0.1525869,-0.44868,-0.001219535,-0.04374716,0.1073206,0.9872735,-0.01221123,0.1379525,0.07817516,0.001725885,-0.002543162,0.09564663,0.5950196,-0.09988268,0.07560843,0.7938883,0.00255852,-0.008390294,0.03499227,0,0,0,1,-0.0004453959,-0.02767745,0.1742815,0.1360917,-0.1679088,0.01614087,0.9762303,0.007145821,-0.02260469,0.1538388,0.1360917,-0.1679088,0.01614087,0.9762303,0.01364902,-0.01434029,0.1319282,0.172978,-0.1389646,0.009837197,0.9750236,0.02355072,-0.007316441,0.09599624,0.09729675,-0.129763,-0.02604171,0.9864162,0.01876786,-0.01099079,0.03715468,0,0,0,1,-0.07329841,-0.01335011,0.1139019,-0.213621,-0.2395212,0.5752429,0.7523907,-0.05775761,-0.01538096,0.09491339,-0.213621,-0.2395212,0.5752429,0.7523907,-0.04416574,-0.0190044,0.06418706,-0.1551197,-0.1459939,0.5149867,0.8303087,-0.0282266,-0.01892197,0.03584925,-0.1528946,-0.2020664,0.5876814,0.7683901,0.0002880099,-0.03336252,0.04777387,0.914892,-0.06313054,-0.1578428,-0.3661599,0.006317843,-0.04898156,0.06549677,0.914892,-0.06313054,-0.1578428,-0.3661599,0.01438481,-0.04535895,0.09055558,0.9854187,-0.02127874,-0.1524676,0.07246353,0.01746526,-0.006529308,0.08869375,0.688499,0.04579676,-0.1050007,0.7161332,0.01499235,-0.006015781,0.03477549,0,0,0,1,0.01427355,-0.02988227,0.04892223,0.8807474,-0.1563427,-0.1831489,-0.4077958,0.01928508,-0.0461641,0.06277558,0.8807474,-0.1563427,-0.1831489,-0.4077958,0.02733342,-0.04324213,0.08119401,0.9745293,-0.06078183,-0.1979279,0.08615475,0.03505402,-0.01369117,0.07789582,0.6680713,-0.0009171438,-0.1871046,0.7201886,0.02299855,-0.009419828,0.03407357,0.01831181,0.1403429,-0.207036,0.9680416,-0.01278423,-0.03375451,0.05665483,0.9235985,0.04238351,-0.1252541,-0.359835,-0.006530983,-0.04929658,0.07520153,0.9235985,0.04238351,-0.1252541,-0.359835,-0.0007075459,-0.04501664,0.1017862,0.9911551,0.01004031,-0.1074166,0.07728225,-0.001725868,-0.002543161,0.09564658,0.6507662,0.07064651,-0.0635519,0.7533084,-0.002614015,-0.008357032,0.03496145,0,0,0,1,-0.004980062,-0.04382302,0.1697515,0.2269367,0.13877,-0.01401021,0.9638706,-0.01119673,-0.03488236,0.1501893,0.2269367,0.13877,-0.01401021,0.9638706,-0.01607735,-0.02204305,0.1301394,0.2752683,0.1083503,-0.01120315,0.9551765,-0.02355067,-0.007316461,0.09599626,0.2013066,0.09675801,0.02101244,0.9745111,-0.01882342,-0.01092428,0.03712387,0,0,0,1,0.03091419,1.293113,-0.2309341,-0.6217242,-0.7529074,-0.2158281,-0.002771497,-0.2301534,1.301476,-0.292051,0.620111,-0.7769172,-0.0954504,-0.05245116
